-- phpMyAdmin SQL Dump
-- version 5.0.2
-- https://www.phpmyadmin.net/
--
-- Host: 127.0.0.1
-- Generation Time: Aug 02, 2021 at 04:38 PM
-- Server version: 10.4.14-MariaDB
-- PHP Version: 7.4.9

SET SQL_MODE = "NO_AUTO_VALUE_ON_ZERO";
START TRANSACTION;
SET time_zone = "+00:00";


/*!40101 SET @OLD_CHARACTER_SET_CLIENT=@@CHARACTER_SET_CLIENT */;
/*!40101 SET @OLD_CHARACTER_SET_RESULTS=@@CHARACTER_SET_RESULTS */;
/*!40101 SET @OLD_COLLATION_CONNECTION=@@COLLATION_CONNECTION */;
/*!40101 SET NAMES utf8mb4 */;

--
-- Database: `nodejs`
--

-- --------------------------------------------------------

--
-- Table structure for table `hst_student_login`
--

CREATE TABLE `hst_student_login` (
  `HstID` varchar(36) COLLATE latin1_bin NOT NULL,
  `StudentID` bigint(20) NOT NULL,
  `Source` tinyint(1) NOT NULL COMMENT '1=Web, 2=Android, 3=IOS',
  `AppVersion` varchar(10) COLLATE latin1_bin NOT NULL,
  `DeviceID` varchar(300) COLLATE latin1_bin NOT NULL,
  `EntryIP` varchar(25) COLLATE latin1_bin NOT NULL,
  `LogoutDate` datetime NOT NULL,
  `DeviceToken` varchar(500) COLLATE latin1_bin NOT NULL,
  `LoginDate` datetime NOT NULL
) ENGINE=InnoDB DEFAULT CHARSET=latin1 COLLATE=latin1_bin;

-- --------------------------------------------------------

--
-- Table structure for table `mst_city`
--

CREATE TABLE `mst_city` (
  `CityID` bigint(20) NOT NULL,
  `CountryID` bigint(20) NOT NULL,
  `StateID` bigint(20) NOT NULL,
  `CityName` varchar(255) CHARACTER SET utf8 COLLATE utf8_turkish_ci NOT NULL,
  `CityCode` varchar(10) CHARACTER SET utf8 COLLATE utf8_turkish_ci DEFAULT NULL,
  `Description` varchar(200) COLLATE latin1_bin DEFAULT NULL,
  `Active` tinyint(1) NOT NULL,
  `EntryBy` bigint(20) NOT NULL,
  `EntryDate` datetime NOT NULL,
  `EntryIP` varchar(50) COLLATE latin1_bin NOT NULL,
  `UpdateBy` bigint(20) NOT NULL,
  `UpdateDate` datetime NOT NULL,
  `UpdateIP` varchar(50) COLLATE latin1_bin NOT NULL,
  `AcceptedValue` text CHARACTER SET utf8 COLLATE utf8_turkish_ci NOT NULL COMMENT 'Fill similar City Name with common seprate'
) ENGINE=InnoDB DEFAULT CHARSET=latin1 COLLATE=latin1_bin ROW_FORMAT=COMPACT;

--
-- Dumping data for table `mst_city`
--

INSERT INTO `mst_city` (`CityID`, `CountryID`, `StateID`, `CityName`, `CityCode`, `Description`, `Active`, `EntryBy`, `EntryDate`, `EntryIP`, `UpdateBy`, `UpdateDate`, `UpdateIP`, `AcceptedValue`) VALUES
(57584, 101, 4014, 'Abhaneri', '', '', 1, 1, '0000-00-00 00:00:00', '', 0, '0000-00-00 00:00:00', '', ''),
(57585, 101, 4027, 'Abhayāpuri', '', '', 1, 1, '0000-00-00 00:00:00', '', 0, '0000-00-00 00:00:00', '', ''),
(57586, 101, 4035, 'Abirāmam', '', '', 1, 1, '0000-00-00 00:00:00', '', 0, '0000-00-00 00:00:00', '', ''),
(57587, 101, 4015, 'Abohar', '', '', 1, 1, '0000-00-00 00:00:00', '', 0, '0000-00-00 00:00:00', '', ''),
(57588, 101, 4030, 'Abrama', '', '', 1, 1, '0000-00-00 00:00:00', '', 0, '0000-00-00 00:00:00', '', ''),
(57589, 101, 4008, 'Achalpur', '', '', 1, 1, '0000-00-00 00:00:00', '', 0, '0000-00-00 00:00:00', '', ''),
(57590, 101, 4022, 'Achhnera', '', '', 1, 1, '0000-00-00 00:00:00', '', 0, '0000-00-00 00:00:00', '', ''),
(57591, 101, 4030, 'Adalaj', '', '', 1, 1, '0000-00-00 00:00:00', '', 0, '0000-00-00 00:00:00', '', ''),
(57592, 101, 4015, 'Adampur', '', '', 1, 1, '0000-00-00 00:00:00', '', 0, '0000-00-00 00:00:00', '', ''),
(57593, 101, 4017, 'Addanki', '', '', 1, 1, '0000-00-00 00:00:00', '', 0, '0000-00-00 00:00:00', '', ''),
(57594, 101, 4035, 'Adirampattinam', '', '', 1, 1, '0000-00-00 00:00:00', '', 0, '0000-00-00 00:00:00', '', ''),
(57595, 101, 4035, 'Aduthurai', '', '', 1, 1, '0000-00-00 00:00:00', '', 0, '0000-00-00 00:00:00', '', ''),
(57596, 101, 4028, 'Adūr', '', '', 1, 1, '0000-00-00 00:00:00', '', 0, '0000-00-00 00:00:00', '', ''),
(57597, 101, 4022, 'Afzalgarh', '', '', 1, 1, '0000-00-00 00:00:00', '', 0, '0000-00-00 00:00:00', '', ''),
(57598, 101, 4026, 'Afzalpur', '', '', 1, 1, '0000-00-00 00:00:00', '', 0, '0000-00-00 00:00:00', '', ''),
(57599, 101, 4039, 'Agar', '', '', 1, 1, '0000-00-00 00:00:00', '', 0, '0000-00-00 00:00:00', '', ''),
(57600, 101, 4038, 'Agartala', '', '', 1, 1, '0000-00-00 00:00:00', '', 0, '0000-00-00 00:00:00', '', ''),
(57601, 101, 4022, 'Agra', '', '', 1, 1, '0000-00-00 00:00:00', '', 0, '0000-00-00 00:00:00', '', ''),
(57602, 101, 4008, 'Ahiri', '', '', 1, 1, '0000-00-00 00:00:00', '', 0, '0000-00-00 00:00:00', '', ''),
(57603, 101, 4008, 'Ahmadnagar', '', '', 1, 1, '0000-00-00 00:00:00', '', 0, '0000-00-00 00:00:00', '', ''),
(57604, 101, 4008, 'Ahmadpur', '', '', 1, 1, '0000-00-00 00:00:00', '', 0, '0000-00-00 00:00:00', '', ''),
(57606, 101, 4030, 'Ahmedabad', '', '', 1, 1, '0000-00-00 00:00:00', '', 0, '0000-00-00 00:00:00', '', ''),
(57607, 101, 4022, 'Ahraura', '', '', 1, 1, '0000-00-00 00:00:00', '', 0, '0000-00-00 00:00:00', '', ''),
(57608, 101, 4030, 'Ahwa', '', '', 1, 1, '0000-00-00 00:00:00', '', 0, '0000-00-00 00:00:00', '', ''),
(57609, 101, 4008, 'Airoli', '', '', 1, 1, '0000-00-00 00:00:00', '', 0, '0000-00-00 00:00:00', '', ''),
(57610, 101, 4036, 'Aizawl', '', '', 1, 1, '0000-00-00 00:00:00', '', 0, '0000-00-00 00:00:00', '', ''),
(57611, 101, 4039, 'Ajaigarh', '', '', 1, 1, '0000-00-00 00:00:00', '', 0, '0000-00-00 00:00:00', '', ''),
(57612, 101, 4015, 'Ajitgarh', '', '', 1, 1, '0000-00-00 00:00:00', '', 0, '0000-00-00 00:00:00', '', ''),
(57613, 101, 4026, 'Ajjampur', '', '', 1, 1, '0000-00-00 00:00:00', '', 0, '0000-00-00 00:00:00', '', ''),
(57614, 101, 4014, 'Ajmer', '', '', 1, 1, '0000-00-00 00:00:00', '', 0, '0000-00-00 00:00:00', '', ''),
(57615, 101, 4015, 'Ajnala', '', '', 1, 1, '0000-00-00 00:00:00', '', 0, '0000-00-00 00:00:00', '', ''),
(57616, 101, 4022, 'Ajodhya', '', '', 1, 1, '0000-00-00 00:00:00', '', 0, '0000-00-00 00:00:00', '', ''),
(57617, 101, 4008, 'Ajra', '', '', 1, 1, '0000-00-00 00:00:00', '', 0, '0000-00-00 00:00:00', '', ''),
(57618, 101, 4008, 'Akalkot', '', '', 1, 1, '0000-00-00 00:00:00', '', 0, '0000-00-00 00:00:00', '', ''),
(57619, 101, 4040, 'Akaltara', '', '', 1, 1, '0000-00-00 00:00:00', '', 0, '0000-00-00 00:00:00', '', ''),
(57620, 101, 4017, 'Akasahebpet', '', '', 1, 1, '0000-00-00 00:00:00', '', 0, '0000-00-00 00:00:00', '', ''),
(57621, 101, 4022, 'Akbarpur', '', '', 1, 1, '0000-00-00 00:00:00', '', 0, '0000-00-00 00:00:00', '', ''),
(57622, 101, 4029, 'Akhnūr', '', '', 1, 1, '0000-00-00 00:00:00', '', 0, '0000-00-00 00:00:00', '', ''),
(57623, 101, 4017, 'Akivīdu', '', '', 1, 1, '0000-00-00 00:00:00', '', 0, '0000-00-00 00:00:00', '', ''),
(57624, 101, 4017, 'Akkarampalle', '', '', 1, 1, '0000-00-00 00:00:00', '', 0, '0000-00-00 00:00:00', '', ''),
(57625, 101, 4014, 'Aklera', '', '', 1, 1, '0000-00-00 00:00:00', '', 0, '0000-00-00 00:00:00', '', ''),
(57626, 101, 4039, 'Akodia', '', '', 1, 1, '0000-00-00 00:00:00', '', 0, '0000-00-00 00:00:00', '', ''),
(57627, 101, 4008, 'Akola', '', '', 1, 1, '0000-00-00 00:00:00', '', 0, '0000-00-00 00:00:00', '', ''),
(57628, 101, 4008, 'Akot', '', '', 1, 1, '0000-00-00 00:00:00', '', 0, '0000-00-00 00:00:00', '', ''),
(57629, 101, 4015, 'Akalgarh', '', '', 1, 1, '0000-00-00 00:00:00', '', 0, '0000-00-00 00:00:00', '', ''),
(57630, 101, 4035, 'Alagāpuram', '', '', 1, 1, '0000-00-00 00:00:00', '', 0, '0000-00-00 00:00:00', '', ''),
(57631, 101, 4039, 'Alampur', '', '', 1, 1, '0000-00-00 00:00:00', '', 0, '0000-00-00 00:00:00', '', ''),
(57632, 101, 4026, 'Aland', '', '', 1, 1, '0000-00-00 00:00:00', '', 0, '0000-00-00 00:00:00', '', ''),
(57633, 101, 4008, 'Alandi', '', '', 1, 1, '0000-00-00 00:00:00', '', 0, '0000-00-00 00:00:00', '', ''),
(57634, 101, 4035, 'Alandur', '', '', 1, 1, '0000-00-00 00:00:00', '', 0, '0000-00-00 00:00:00', '', ''),
(57635, 101, 4035, 'Alangānallūr', '', '', 1, 1, '0000-00-00 00:00:00', '', 0, '0000-00-00 00:00:00', '', ''),
(57636, 101, 4035, 'Alangāyam', '', '', 1, 1, '0000-00-00 00:00:00', '', 0, '0000-00-00 00:00:00', '', ''),
(57637, 101, 4028, 'Alappuzha', '', '', 1, 1, '0000-00-00 00:00:00', '', 0, '0000-00-00 00:00:00', '', ''),
(57638, 101, 4009, 'Aldona', '', '', 1, 1, '0000-00-00 00:00:00', '', 0, '0000-00-00 00:00:00', '', ''),
(57639, 101, 4039, 'Alirajpur', '', '', 1, 1, '0000-00-00 00:00:00', '', 0, '0000-00-00 00:00:00', '', ''),
(57640, 101, 4022, 'Allahābād', '', '', 1, 1, '0000-00-00 00:00:00', '', 0, '0000-00-00 00:00:00', '', ''),
(57641, 101, 4022, 'Allāhganj', '', '', 1, 1, '0000-00-00 00:00:00', '', 0, '0000-00-00 00:00:00', '', ''),
(57642, 101, 4008, 'Allāpalli', '', '', 1, 1, '0000-00-00 00:00:00', '', 0, '0000-00-00 00:00:00', '', ''),
(57643, 101, 4016, 'Almora', '', '', 1, 1, '0000-00-00 00:00:00', '', 0, '0000-00-00 00:00:00', '', ''),
(57644, 101, 4026, 'Alnāvar', '', '', 1, 1, '0000-00-00 00:00:00', '', 0, '0000-00-00 00:00:00', '', ''),
(57645, 101, 4024, 'Along', '', '', 1, 1, '0000-00-00 00:00:00', '', 0, '0000-00-00 00:00:00', '', ''),
(57646, 101, 4039, 'Alot', '', '', 1, 1, '0000-00-00 00:00:00', '', 0, '0000-00-00 00:00:00', '', ''),
(57647, 101, 4028, 'Aluva', '', '', 1, 1, '0000-00-00 00:00:00', '', 0, '0000-00-00 00:00:00', '', ''),
(57648, 101, 4035, 'Alwa Tirunagari', '', '', 1, 1, '0000-00-00 00:00:00', '', 0, '0000-00-00 00:00:00', '', ''),
(57649, 101, 4014, 'Alwar', '', '', 1, 1, '0000-00-00 00:00:00', '', 0, '0000-00-00 00:00:00', '', ''),
(57650, 101, 4028, 'Alwaye', '', '', 1, 1, '0000-00-00 00:00:00', '', 0, '0000-00-00 00:00:00', '', ''),
(57651, 101, 4015, 'Alawalpur', '', '', 1, 1, '0000-00-00 00:00:00', '', 0, '0000-00-00 00:00:00', '', ''),
(57652, 101, 4008, 'Alībāg', '', '', 1, 1, '0000-00-00 00:00:00', '', 0, '0000-00-00 00:00:00', '', ''),
(57653, 101, 4022, 'Alīganj', '', '', 1, 1, '0000-00-00 00:00:00', '', 0, '0000-00-00 00:00:00', '', ''),
(57654, 101, 4022, 'Alīgarh', '', '', 1, 1, '0000-00-00 00:00:00', '', 0, '0000-00-00 00:00:00', '', ''),
(57655, 101, 4021, 'Alīpur', '', '', 1, 1, '0000-00-00 00:00:00', '', 0, '0000-00-00 00:00:00', '', ''),
(57656, 101, 4026, 'Alūr', '', '', 1, 1, '0000-00-00 00:00:00', '', 0, '0000-00-00 00:00:00', '', ''),
(57657, 101, 4008, 'Amalner', '', '', 1, 1, '0000-00-00 00:00:00', '', 0, '0000-00-00 00:00:00', '', ''),
(57658, 101, 4017, 'Amalāpuram', '', '', 1, 1, '0000-00-00 00:00:00', '', 0, '0000-00-00 00:00:00', '', ''),
(57659, 101, 4039, 'Amarkantak', '', '', 1, 1, '0000-00-00 00:00:00', '', 0, '0000-00-00 00:00:00', '', ''),
(57660, 101, 4008, 'Amarnāth', '', '', 1, 1, '0000-00-00 00:00:00', '', 0, '0000-00-00 00:00:00', '', ''),
(57661, 101, 4037, 'Amarpur', '', '', 1, 1, '0000-00-00 00:00:00', '', 0, '0000-00-00 00:00:00', '', ''),
(57662, 101, 4038, 'Amarpur', '', '', 1, 1, '0000-00-00 00:00:00', '', 0, '0000-00-00 00:00:00', '', ''),
(57663, 101, 4039, 'Amarpātan', '', '', 1, 1, '0000-00-00 00:00:00', '', 0, '0000-00-00 00:00:00', '', ''),
(57664, 101, 4039, 'Amarwāra', '', '', 1, 1, '0000-00-00 00:00:00', '', 0, '0000-00-00 00:00:00', '', ''),
(57665, 101, 4008, 'Ambad', '', '', 1, 1, '0000-00-00 00:00:00', '', 0, '0000-00-00 00:00:00', '', ''),
(57666, 101, 4022, 'Ambahta', '', '', 1, 1, '0000-00-00 00:00:00', '', 0, '0000-00-00 00:00:00', '', ''),
(57667, 101, 4035, 'Ambasamudram', '', '', 1, 1, '0000-00-00 00:00:00', '', 0, '0000-00-00 00:00:00', '', ''),
(57668, 101, 4035, 'Ambattūr', '', '', 1, 1, '0000-00-00 00:00:00', '', 0, '0000-00-00 00:00:00', '', ''),
(57669, 101, 4022, 'Ambedkar Nagar', '', '', 1, 1, '0000-00-00 00:00:00', '', 0, '0000-00-00 00:00:00', '', ''),
(57670, 101, 4040, 'Ambikāpur', '', '', 1, 1, '0000-00-00 00:00:00', '', 0, '0000-00-00 00:00:00', '', ''),
(57671, 101, 4035, 'Ambur', '', '', 1, 1, '0000-00-00 00:00:00', '', 0, '0000-00-00 00:00:00', '', ''),
(57672, 101, 4040, 'Ambāgarh Chauki', '', '', 1, 1, '0000-00-00 00:00:00', '', 0, '0000-00-00 00:00:00', '', ''),
(57673, 101, 4039, 'Ambāh', '', '', 1, 1, '0000-00-00 00:00:00', '', 0, '0000-00-00 00:00:00', '', ''),
(57674, 101, 4008, 'Ambājogāi', '', '', 1, 1, '0000-00-00 00:00:00', '', 0, '0000-00-00 00:00:00', '', ''),
(57675, 101, 4007, 'Ambāla', '', '', 1, 1, '0000-00-00 00:00:00', '', 0, '0000-00-00 00:00:00', '', ''),
(57676, 101, 4014, 'Amet', '', '', 1, 1, '0000-00-00 00:00:00', '', 0, '0000-00-00 00:00:00', '', ''),
(57678, 101, 4022, 'Amethī', '', '', 1, 1, '0000-00-00 00:00:00', '', 0, '0000-00-00 00:00:00', '', ''),
(57679, 101, 4027, 'Amguri', '', '', 1, 1, '0000-00-00 00:00:00', '', 0, '0000-00-00 00:00:00', '', ''),
(57680, 101, 4039, 'Amla', '', '', 1, 1, '0000-00-00 00:00:00', '', 0, '0000-00-00 00:00:00', '', ''),
(57681, 101, 4015, 'Amloh', '', '', 1, 1, '0000-00-00 00:00:00', '', 0, '0000-00-00 00:00:00', '', ''),
(57682, 101, 4035, 'Ammāpettai', '', '', 1, 1, '0000-00-00 00:00:00', '', 0, '0000-00-00 00:00:00', '', ''),
(57683, 101, 4030, 'Amod', '', '', 1, 1, '0000-00-00 00:00:00', '', 0, '0000-00-00 00:00:00', '', ''),
(57684, 101, 4008, 'Amravati Division', '', '', 1, 1, '0000-00-00 00:00:00', '', 0, '0000-00-00 00:00:00', '', ''),
(57685, 101, 4030, 'Amreli', '', '', 1, 1, '0000-00-00 00:00:00', '', 0, '0000-00-00 00:00:00', '', ''),
(57686, 101, 4015, 'Amritsar', '', '', 1, 1, '0000-00-00 00:00:00', '', 0, '0000-00-00 00:00:00', '', ''),
(57687, 101, 4022, 'Amroha', '', '', 1, 1, '0000-00-00 00:00:00', '', 0, '0000-00-00 00:00:00', '', ''),
(57688, 101, 4030, 'Amroli', '', '', 1, 1, '0000-00-00 00:00:00', '', 0, '0000-00-00 00:00:00', '', ''),
(57689, 101, 4008, 'Amrāvati', '', '', 1, 1, '0000-00-00 00:00:00', '', 0, '0000-00-00 00:00:00', '', ''),
(57690, 101, 4017, 'Amudālavalasa', '', '', 1, 1, '0000-00-00 00:00:00', '', 0, '0000-00-00 00:00:00', '', ''),
(57691, 101, 4039, 'Amānganj', '', '', 1, 1, '0000-00-00 00:00:00', '', 0, '0000-00-00 00:00:00', '', ''),
(57692, 101, 4022, 'Amānpur', '', '', 1, 1, '0000-00-00 00:00:00', '', 0, '0000-00-00 00:00:00', '', ''),
(57693, 101, 4017, 'Anakāpalle', '', '', 1, 1, '0000-00-00 00:00:00', '', 0, '0000-00-00 00:00:00', '', ''),
(57694, 101, 4035, 'Anamalais', '', '', 1, 1, '0000-00-00 00:00:00', '', 0, '0000-00-00 00:00:00', '', ''),
(57695, 101, 4030, 'Anand', '', '', 1, 1, '0000-00-00 00:00:00', '', 0, '0000-00-00 00:00:00', '', ''),
(57696, 101, 4022, 'Anandnagar', '', '', 1, 1, '0000-00-00 00:00:00', '', 0, '0000-00-00 00:00:00', '', ''),
(57697, 101, 4015, 'Anandpur Sahib', '', '', 1, 1, '0000-00-00 00:00:00', '', 0, '0000-00-00 00:00:00', '', ''),
(57698, 101, 4017, 'Anantapur', '', '', 1, 1, '0000-00-00 00:00:00', '', 0, '0000-00-00 00:00:00', '', ''),
(57700, 101, 4029, 'Anantnāg', '', '', 1, 1, '0000-00-00 00:00:00', '', 0, '0000-00-00 00:00:00', '', ''),
(57701, 101, 4012, 'Andol', '', '', 1, 1, '0000-00-00 00:00:00', '', 0, '0000-00-00 00:00:00', '', ''),
(57702, 101, 4026, 'Anekal', '', '', 1, 1, '0000-00-00 00:00:00', '', 0, '0000-00-00 00:00:00', '', ''),
(57703, 101, 4028, 'Angamāli', '', '', 1, 1, '0000-00-00 00:00:00', '', 0, '0000-00-00 00:00:00', '', ''),
(57704, 101, 4013, 'Angul', '', '', 1, 1, '0000-00-00 00:00:00', '', 0, '0000-00-00 00:00:00', '', ''),
(57705, 101, 4013, 'Angul District', '', '', 1, 1, '0000-00-00 00:00:00', '', 0, '0000-00-00 00:00:00', '', ''),
(57706, 101, 4039, 'Anjad', '', '', 1, 1, '0000-00-00 00:00:00', '', 0, '0000-00-00 00:00:00', '', ''),
(57707, 101, 4008, 'Anjangaon', '', '', 1, 1, '0000-00-00 00:00:00', '', 0, '0000-00-00 00:00:00', '', ''),
(57708, 101, 4024, 'Anjaw', '', '', 1, 1, '0000-00-00 00:00:00', '', 0, '0000-00-00 00:00:00', '', ''),
(57709, 101, 4030, 'Anjar', '', '', 1, 1, '0000-00-00 00:00:00', '', 0, '0000-00-00 00:00:00', '', ''),
(57710, 101, 4030, 'Ankleshwar', '', '', 1, 1, '0000-00-00 00:00:00', '', 0, '0000-00-00 00:00:00', '', ''),
(57711, 101, 4026, 'Ankola', '', '', 1, 1, '0000-00-00 00:00:00', '', 0, '0000-00-00 00:00:00', '', ''),
(57712, 101, 4035, 'Annavāsal', '', '', 1, 1, '0000-00-00 00:00:00', '', 0, '0000-00-00 00:00:00', '', ''),
(57713, 101, 4026, 'Annigeri', '', '', 1, 1, '0000-00-00 00:00:00', '', 0, '0000-00-00 00:00:00', '', ''),
(57714, 101, 4035, 'Annur', '', '', 1, 1, '0000-00-00 00:00:00', '', 0, '0000-00-00 00:00:00', '', ''),
(57715, 101, 4035, 'Annāmalainagar', '', '', 1, 1, '0000-00-00 00:00:00', '', 0, '0000-00-00 00:00:00', '', ''),
(57716, 101, 4008, 'Anshing', '', '', 1, 1, '0000-00-00 00:00:00', '', 0, '0000-00-00 00:00:00', '', ''),
(57717, 101, 4014, 'Anta', '', '', 1, 1, '0000-00-00 00:00:00', '', 0, '0000-00-00 00:00:00', '', ''),
(57718, 101, 4035, 'Anthiyur', '', '', 1, 1, '0000-00-00 00:00:00', '', 0, '0000-00-00 00:00:00', '', ''),
(57719, 101, 4039, 'Antri', '', '', 1, 1, '0000-00-00 00:00:00', '', 0, '0000-00-00 00:00:00', '', ''),
(57720, 101, 4022, 'Antu', '', '', 1, 1, '0000-00-00 00:00:00', '', 0, '0000-00-00 00:00:00', '', ''),
(57722, 101, 4014, 'Anūpgarh', '', '', 1, 1, '0000-00-00 00:00:00', '', 0, '0000-00-00 00:00:00', '', ''),
(57723, 101, 4039, 'Anūppur', '', '', 1, 1, '0000-00-00 00:00:00', '', 0, '0000-00-00 00:00:00', '', ''),
(57724, 101, 4022, 'Anūpshahr', '', '', 1, 1, '0000-00-00 00:00:00', '', 0, '0000-00-00 00:00:00', '', ''),
(57725, 101, 4022, 'Aonla', '', '', 1, 1, '0000-00-00 00:00:00', '', 0, '0000-00-00 00:00:00', '', ''),
(57726, 101, 4035, 'Arakkonam', '', '', 1, 1, '0000-00-00 00:00:00', '', 0, '0000-00-00 00:00:00', '', ''),
(57727, 101, 4009, 'Arambol', '', '', 1, 1, '0000-00-00 00:00:00', '', 0, '0000-00-00 00:00:00', '', ''),
(57728, 101, 4040, 'Arang', '', '', 1, 1, '0000-00-00 00:00:00', '', 0, '0000-00-00 00:00:00', '', ''),
(57729, 101, 4035, 'Arantāngi', '', '', 1, 1, '0000-00-00 00:00:00', '', 0, '0000-00-00 00:00:00', '', ''),
(57731, 101, 4035, 'Arcot', '', '', 1, 1, '0000-00-00 00:00:00', '', 0, '0000-00-00 00:00:00', '', ''),
(57732, 101, 4035, 'Arimalam', '', '', 1, 1, '0000-00-00 00:00:00', '', 0, '0000-00-00 00:00:00', '', ''),
(57734, 101, 4035, 'Ariyalūr', '', '', 1, 1, '0000-00-00 00:00:00', '', 0, '0000-00-00 00:00:00', '', ''),
(57735, 101, 4026, 'Arkalgūd', '', '', 1, 1, '0000-00-00 00:00:00', '', 0, '0000-00-00 00:00:00', '', ''),
(57736, 101, 4020, 'Arki', '', '', 1, 1, '0000-00-00 00:00:00', '', 0, '0000-00-00 00:00:00', '', ''),
(57737, 101, 4035, 'Arni', '', '', 1, 1, '0000-00-00 00:00:00', '', 0, '0000-00-00 00:00:00', '', ''),
(57738, 101, 4028, 'Aroor', '', '', 1, 1, '0000-00-00 00:00:00', '', 0, '0000-00-00 00:00:00', '', ''),
(57739, 101, 4037, 'Arrah', '', '', 1, 1, '0000-00-00 00:00:00', '', 0, '0000-00-00 00:00:00', '', ''),
(57740, 101, 4026, 'Arsikere', '', '', 1, 1, '0000-00-00 00:00:00', '', 0, '0000-00-00 00:00:00', '', ''),
(57741, 101, 4008, 'Artist Village', '', '', 1, 1, '0000-00-00 00:00:00', '', 0, '0000-00-00 00:00:00', '', ''),
(57742, 101, 4028, 'Arukutti', '', '', 1, 1, '0000-00-00 00:00:00', '', 0, '0000-00-00 00:00:00', '', ''),
(57743, 101, 4035, 'Arumbāvūr', '', '', 1, 1, '0000-00-00 00:00:00', '', 0, '0000-00-00 00:00:00', '', ''),
(57744, 101, 4035, 'Arumuganeri', '', '', 1, 1, '0000-00-00 00:00:00', '', 0, '0000-00-00 00:00:00', '', ''),
(57745, 101, 4035, 'Aruppukkottai', '', '', 1, 1, '0000-00-00 00:00:00', '', 0, '0000-00-00 00:00:00', '', ''),
(57746, 101, 4035, 'Aruvankad', '', '', 1, 1, '0000-00-00 00:00:00', '', 0, '0000-00-00 00:00:00', '', ''),
(57747, 101, 4037, 'Arwal', '', '', 1, 1, '0000-00-00 00:00:00', '', 0, '0000-00-00 00:00:00', '', ''),
(57748, 101, 4037, 'Arāria', '', '', 1, 1, '0000-00-00 00:00:00', '', 0, '0000-00-00 00:00:00', '', ''),
(57749, 101, 4037, 'Asarganj', '', '', 1, 1, '0000-00-00 00:00:00', '', 0, '0000-00-00 00:00:00', '', ''),
(57750, 101, 4039, 'Ashoknagar', '', '', 1, 1, '0000-00-00 00:00:00', '', 0, '0000-00-00 00:00:00', '', ''),
(57751, 101, 4008, 'Ashta', '', '', 1, 1, '0000-00-00 00:00:00', '', 0, '0000-00-00 00:00:00', '', ''),
(57752, 101, 4039, 'Ashta', '', '', 1, 1, '0000-00-00 00:00:00', '', 0, '0000-00-00 00:00:00', '', ''),
(57753, 101, 4008, 'Ashti', '', '', 1, 1, '0000-00-00 00:00:00', '', 0, '0000-00-00 00:00:00', '', ''),
(57754, 101, 4012, 'Asifābād', '', '', 1, 1, '0000-00-00 00:00:00', '', 0, '0000-00-00 00:00:00', '', ''),
(57755, 101, 4022, 'Atarra', '', '', 1, 1, '0000-00-00 00:00:00', '', 0, '0000-00-00 00:00:00', '', ''),
(57756, 101, 4007, 'Ateli Mandi', '', '', 1, 1, '0000-00-00 00:00:00', '', 0, '0000-00-00 00:00:00', '', ''),
(57757, 101, 4026, 'Athni', '', '', 1, 1, '0000-00-00 00:00:00', '', 0, '0000-00-00 00:00:00', '', ''),
(57758, 101, 4017, 'Atmakūr', '', '', 1, 1, '0000-00-00 00:00:00', '', 0, '0000-00-00 00:00:00', '', ''),
(57759, 101, 4022, 'Atraulia', '', '', 1, 1, '0000-00-00 00:00:00', '', 0, '0000-00-00 00:00:00', '', ''),
(57760, 101, 4022, 'Atraulī', '', '', 1, 1, '0000-00-00 00:00:00', '', 0, '0000-00-00 00:00:00', '', ''),
(57761, 101, 4017, 'Attili', '', '', 1, 1, '0000-00-00 00:00:00', '', 0, '0000-00-00 00:00:00', '', ''),
(57762, 101, 4028, 'Attingal', '', '', 1, 1, '0000-00-00 00:00:00', '', 0, '0000-00-00 00:00:00', '', ''),
(57763, 101, 4035, 'Attur', '', '', 1, 1, '0000-00-00 00:00:00', '', 0, '0000-00-00 00:00:00', '', ''),
(57764, 101, 4022, 'Auraiya', '', '', 1, 1, '0000-00-00 00:00:00', '', 0, '0000-00-00 00:00:00', '', ''),
(57765, 101, 4008, 'Aurangabad', '', '', 1, 1, '0000-00-00 00:00:00', '', 0, '0000-00-00 00:00:00', '', ''),
(57766, 101, 4037, 'Aurangābād', '', '', 1, 1, '0000-00-00 00:00:00', '', 0, '0000-00-00 00:00:00', '', ''),
(57767, 101, 4035, 'Auroville', '', '', 1, 1, '0000-00-00 00:00:00', '', 0, '0000-00-00 00:00:00', '', ''),
(57768, 101, 4026, 'Aurād', '', '', 1, 1, '0000-00-00 00:00:00', '', 0, '0000-00-00 00:00:00', '', ''),
(57769, 101, 4022, 'Aurās', '', '', 1, 1, '0000-00-00 00:00:00', '', 0, '0000-00-00 00:00:00', '', ''),
(57770, 101, 4008, 'Ausa', '', '', 1, 1, '0000-00-00 00:00:00', '', 0, '0000-00-00 00:00:00', '', ''),
(57771, 101, 4017, 'Avanigadda', '', '', 1, 1, '0000-00-00 00:00:00', '', 0, '0000-00-00 00:00:00', '', ''),
(57772, 101, 4028, 'Avanoor', '', '', 1, 1, '0000-00-00 00:00:00', '', 0, '0000-00-00 00:00:00', '', ''),
(57773, 101, 4035, 'Avinashi', '', '', 1, 1, '0000-00-00 00:00:00', '', 0, '0000-00-00 00:00:00', '', ''),
(57774, 101, 4029, 'Awantipur', '', '', 1, 1, '0000-00-00 00:00:00', '', 0, '0000-00-00 00:00:00', '', ''),
(57775, 101, 4035, 'Ayakudi', '', '', 1, 1, '0000-00-00 00:00:00', '', 0, '0000-00-00 00:00:00', '', ''),
(57776, 101, 4035, 'Ayyampettāi', '', '', 1, 1, '0000-00-00 00:00:00', '', 0, '0000-00-00 00:00:00', '', ''),
(57778, 101, 4028, 'Azhikkal', '', '', 1, 1, '0000-00-00 00:00:00', '', 0, '0000-00-00 00:00:00', '', ''),
(57779, 101, 4022, 'Baberu', '', '', 1, 1, '0000-00-00 00:00:00', '', 0, '0000-00-00 00:00:00', '', ''),
(57780, 101, 4022, 'Babrāla', '', '', 1, 1, '0000-00-00 00:00:00', '', 0, '0000-00-00 00:00:00', '', ''),
(57781, 101, 4022, 'Babugarh', '', '', 1, 1, '0000-00-00 00:00:00', '', 0, '0000-00-00 00:00:00', '', ''),
(57782, 101, 4022, 'Babīna', '', '', 1, 1, '0000-00-00 00:00:00', '', 0, '0000-00-00 00:00:00', '', ''),
(57783, 101, 4022, 'Bachhraon', '', '', 1, 1, '0000-00-00 00:00:00', '', 0, '0000-00-00 00:00:00', '', ''),
(57784, 101, 4022, 'Bachhrāwān', '', '', 1, 1, '0000-00-00 00:00:00', '', 0, '0000-00-00 00:00:00', '', ''),
(57785, 101, 4013, 'Bada Barabīl', '', '', 1, 1, '0000-00-00 00:00:00', '', 0, '0000-00-00 00:00:00', '', ''),
(57786, 101, 4028, 'Badagara', '', '', 1, 1, '0000-00-00 00:00:00', '', 0, '0000-00-00 00:00:00', '', ''),
(57787, 101, 4027, 'Badarpur', '', '', 1, 1, '0000-00-00 00:00:00', '', 0, '0000-00-00 00:00:00', '', ''),
(57788, 101, 4039, 'Badarwās', '', '', 1, 1, '0000-00-00 00:00:00', '', 0, '0000-00-00 00:00:00', '', ''),
(57789, 101, 4020, 'Baddi', '', '', 1, 1, '0000-00-00 00:00:00', '', 0, '0000-00-00 00:00:00', '', ''),
(57790, 101, 4029, 'Badgam', '', '', 1, 1, '0000-00-00 00:00:00', '', 0, '0000-00-00 00:00:00', '', ''),
(57791, 101, 4015, 'Badhni Kalan', '', '', 1, 1, '0000-00-00 00:00:00', '', 0, '0000-00-00 00:00:00', '', ''),
(57792, 101, 4008, 'Badlapur', '', '', 1, 1, '0000-00-00 00:00:00', '', 0, '0000-00-00 00:00:00', '', ''),
(57793, 101, 4039, 'Badnāwar', '', '', 1, 1, '0000-00-00 00:00:00', '', 0, '0000-00-00 00:00:00', '', ''),
(57794, 101, 4017, 'Badvel', '', '', 1, 1, '0000-00-00 00:00:00', '', 0, '0000-00-00 00:00:00', '', ''),
(57795, 101, 4009, 'Baga', '', '', 1, 1, '0000-00-00 00:00:00', '', 0, '0000-00-00 00:00:00', '', ''),
(57796, 101, 4037, 'Bagaha', '', '', 1, 1, '0000-00-00 00:00:00', '', 0, '0000-00-00 00:00:00', '', ''),
(57797, 101, 4026, 'Bagalkot', '', '', 1, 1, '0000-00-00 00:00:00', '', 0, '0000-00-00 00:00:00', '', ''),
(57798, 101, 4014, 'Bagar', '', '', 1, 1, '0000-00-00 00:00:00', '', 0, '0000-00-00 00:00:00', '', ''),
(57799, 101, 4030, 'Bagasra', '', '', 1, 1, '0000-00-00 00:00:00', '', 0, '0000-00-00 00:00:00', '', ''),
(57800, 101, 4016, 'Bageshwar', '', '', 1, 1, '0000-00-00 00:00:00', '', 0, '0000-00-00 00:00:00', '', ''),
(57802, 101, 4025, 'Bagra', '', '', 1, 1, '0000-00-00 00:00:00', '', 0, '0000-00-00 00:00:00', '', ''),
(57803, 101, 4022, 'Baheri', '', '', 1, 1, '0000-00-00 00:00:00', '', 0, '0000-00-00 00:00:00', '', ''),
(57804, 101, 4022, 'Bahjoi', '', '', 1, 1, '0000-00-00 00:00:00', '', 0, '0000-00-00 00:00:00', '', ''),
(57805, 101, 4022, 'Bahraich', '', '', 1, 1, '0000-00-00 00:00:00', '', 0, '0000-00-00 00:00:00', '', ''),
(57806, 101, 4022, 'Bahraigh', '', '', 1, 1, '0000-00-00 00:00:00', '', 0, '0000-00-00 00:00:00', '', ''),
(57807, 101, 4022, 'Bahsūma', '', '', 1, 1, '0000-00-00 00:00:00', '', 0, '0000-00-00 00:00:00', '', ''),
(57808, 101, 4022, 'Bahua', '', '', 1, 1, '0000-00-00 00:00:00', '', 0, '0000-00-00 00:00:00', '', ''),
(57809, 101, 4037, 'Bahādurganj', '', '', 1, 1, '0000-00-00 00:00:00', '', 0, '0000-00-00 00:00:00', '', ''),
(57810, 101, 4007, 'Bahādurgarh', '', '', 1, 1, '0000-00-00 00:00:00', '', 0, '0000-00-00 00:00:00', '', ''),
(57811, 101, 4039, 'Baihar', '', '', 1, 1, '0000-00-00 00:00:00', '', 0, '0000-00-00 00:00:00', '', ''),
(57812, 101, 4040, 'Baikunthpur', '', '', 1, 1, '0000-00-00 00:00:00', '', 0, '0000-00-00 00:00:00', '', ''),
(57813, 101, 4039, 'Baikunthpur', '', '', 1, 1, '0000-00-00 00:00:00', '', 0, '0000-00-00 00:00:00', '', ''),
(57814, 101, 4026, 'Bail-Hongal', '', '', 1, 1, '0000-00-00 00:00:00', '', 0, '0000-00-00 00:00:00', '', ''),
(57815, 101, 4037, 'Bairāgnia', '', '', 1, 1, '0000-00-00 00:00:00', '', 0, '0000-00-00 00:00:00', '', ''),
(57816, 101, 4037, 'Baisi', '', '', 1, 1, '0000-00-00 00:00:00', '', 0, '0000-00-00 00:00:00', '', ''),
(57817, 101, 4022, 'Bakewar', '', '', 1, 1, '0000-00-00 00:00:00', '', 0, '0000-00-00 00:00:00', '', ''),
(57818, 101, 4037, 'Bakhtiyārpur', '', '', 1, 1, '0000-00-00 00:00:00', '', 0, '0000-00-00 00:00:00', '', ''),
(57819, 101, 4015, 'Bakloh', '', '', 1, 1, '0000-00-00 00:00:00', '', 0, '0000-00-00 00:00:00', '', ''),
(57820, 101, 4027, 'Baksa', '', '', 1, 1, '0000-00-00 00:00:00', '', 0, '0000-00-00 00:00:00', '', ''),
(57821, 101, 4039, 'Bakshwāho', '', '', 1, 1, '0000-00-00 00:00:00', '', 0, '0000-00-00 00:00:00', '', ''),
(57822, 101, 4014, 'Bakāni', '', '', 1, 1, '0000-00-00 00:00:00', '', 0, '0000-00-00 00:00:00', '', ''),
(57823, 101, 4013, 'Balasore', '', '', 1, 1, '0000-00-00 00:00:00', '', 0, '0000-00-00 00:00:00', '', ''),
(57824, 101, 4039, 'Baldeogarh', '', '', 1, 1, '0000-00-00 00:00:00', '', 0, '0000-00-00 00:00:00', '', ''),
(57825, 101, 4022, 'Baldev', '', '', 1, 1, '0000-00-00 00:00:00', '', 0, '0000-00-00 00:00:00', '', ''),
(57826, 101, 4013, 'Balimila', '', '', 1, 1, '0000-00-00 00:00:00', '', 0, '0000-00-00 00:00:00', '', ''),
(57827, 101, 4026, 'Ballari', '', '', 1, 1, '0000-00-00 00:00:00', '', 0, '0000-00-00 00:00:00', '', ''),
(57828, 101, 4022, 'Ballia', '', '', 1, 1, '0000-00-00 00:00:00', '', 0, '0000-00-00 00:00:00', '', ''),
(57829, 101, 4008, 'Ballālpur', '', '', 1, 1, '0000-00-00 00:00:00', '', 0, '0000-00-00 00:00:00', '', ''),
(57830, 101, 4040, 'Balod', '', '', 1, 1, '0000-00-00 00:00:00', '', 0, '0000-00-00 00:00:00', '', ''),
(57831, 101, 4040, 'Baloda', '', '', 1, 1, '0000-00-00 00:00:00', '', 0, '0000-00-00 00:00:00', '', ''),
(57832, 101, 4040, 'Baloda Bāzār', '', '', 1, 1, '0000-00-00 00:00:00', '', 0, '0000-00-00 00:00:00', '', ''),
(57834, 101, 4022, 'Balrāmpur', '', '', 1, 1, '0000-00-00 00:00:00', '', 0, '0000-00-00 00:00:00', '', ''),
(57835, 101, 4013, 'Balāngīr', '', '', 1, 1, '0000-00-00 00:00:00', '', 0, '0000-00-00 00:00:00', '', ''),
(57836, 101, 4009, 'Bambolim', '', '', 1, 1, '0000-00-00 00:00:00', '', 0, '0000-00-00 00:00:00', '', ''),
(57837, 101, 4023, 'Bamboo Flat', '', '', 1, 1, '0000-00-00 00:00:00', '', 0, '0000-00-00 00:00:00', '', ''),
(57838, 101, 4039, 'Bamna', '', '', 1, 1, '0000-00-00 00:00:00', '', 0, '0000-00-00 00:00:00', '', ''),
(57839, 101, 4039, 'Bamora', '', '', 1, 1, '0000-00-00 00:00:00', '', 0, '0000-00-00 00:00:00', '', ''),
(57840, 101, 4022, 'Banat', '', '', 1, 1, '0000-00-00 00:00:00', '', 0, '0000-00-00 00:00:00', '', ''),
(57841, 101, 4022, 'Banbasa', '', '', 1, 1, '0000-00-00 00:00:00', '', 0, '0000-00-00 00:00:00', '', ''),
(57842, 101, 4039, 'Banda', '', '', 1, 1, '0000-00-00 00:00:00', '', 0, '0000-00-00 00:00:00', '', ''),
(57843, 101, 4029, 'Bandipore', '', '', 1, 1, '0000-00-00 00:00:00', '', 0, '0000-00-00 00:00:00', '', ''),
(57844, 101, 4029, 'Bandipura', '', '', 1, 1, '0000-00-00 00:00:00', '', 0, '0000-00-00 00:00:00', '', ''),
(57845, 101, 4009, 'Bandora', '', '', 1, 1, '0000-00-00 00:00:00', '', 0, '0000-00-00 00:00:00', '', ''),
(57846, 101, 4015, 'Banga', '', '', 1, 1, '0000-00-00 00:00:00', '', 0, '0000-00-00 00:00:00', '', ''),
(57847, 101, 4026, 'Bangalore Rural', '', '', 1, 1, '0000-00-00 00:00:00', '', 0, '0000-00-00 00:00:00', '', 'Bangalore'),
(57848, 101, 4026, 'Bangalore Urban', '', '', 1, 1, '0000-00-00 00:00:00', '', 0, '0000-00-00 00:00:00', '', ''),
(57849, 101, 4017, 'Banganapalle', '', '', 1, 1, '0000-00-00 00:00:00', '', 0, '0000-00-00 00:00:00', '', ''),
(57850, 101, 4037, 'Bangaon', '', '', 1, 1, '0000-00-00 00:00:00', '', 0, '0000-00-00 00:00:00', '', ''),
(57851, 101, 4026, 'Bangarapet', '', '', 1, 1, '0000-00-00 00:00:00', '', 0, '0000-00-00 00:00:00', '', ''),
(57852, 101, 4029, 'Banihāl', '', '', 1, 1, '0000-00-00 00:00:00', '', 0, '0000-00-00 00:00:00', '', ''),
(57853, 101, 4020, 'Banjār', '', '', 1, 1, '0000-00-00 00:00:00', '', 0, '0000-00-00 00:00:00', '', ''),
(57855, 101, 4037, 'Banmankhi', '', '', 1, 1, '0000-00-00 00:00:00', '', 0, '0000-00-00 00:00:00', '', ''),
(57856, 101, 4026, 'Bannūr', '', '', 1, 1, '0000-00-00 00:00:00', '', 0, '0000-00-00 00:00:00', '', ''),
(57857, 101, 4026, 'Bantvāl', '', '', 1, 1, '0000-00-00 00:00:00', '', 0, '0000-00-00 00:00:00', '', ''),
(57858, 101, 4030, 'Banas Kantha', '', '', 1, 1, '0000-00-00 00:00:00', '', 0, '0000-00-00 00:00:00', '', ''),
(57859, 101, 4015, 'Banur', '', '', 1, 1, '0000-00-00 00:00:00', '', 0, '0000-00-00 00:00:00', '', ''),
(57860, 101, 4037, 'Bar Bigha', '', '', 1, 1, '0000-00-00 00:00:00', '', 0, '0000-00-00 00:00:00', '', ''),
(57861, 101, 4007, 'Bara Uchāna', '', '', 1, 1, '0000-00-00 00:00:00', '', 0, '0000-00-00 00:00:00', '', ''),
(57862, 101, 4013, 'Baragarh', '', '', 1, 1, '0000-00-00 00:00:00', '', 0, '0000-00-00 00:00:00', '', ''),
(57864, 101, 4037, 'Barauli', '', '', 1, 1, '0000-00-00 00:00:00', '', 0, '0000-00-00 00:00:00', '', ''),
(57865, 101, 4022, 'Baraut', '', '', 1, 1, '0000-00-00 00:00:00', '', 0, '0000-00-00 00:00:00', '', ''),
(57866, 101, 4013, 'Barbil', '', '', 1, 1, '0000-00-00 00:00:00', '', 0, '0000-00-00 00:00:00', '', ''),
(57867, 101, 4022, 'Bareilly', '', '', 1, 1, '0000-00-00 00:00:00', '', 0, '0000-00-00 00:00:00', '', ''),
(57868, 101, 4039, 'Barela', '', '', 1, 1, '0000-00-00 00:00:00', '', 0, '0000-00-00 00:00:00', '', ''),
(57869, 101, 4013, 'Bargarh', '', '', 1, 1, '0000-00-00 00:00:00', '', 0, '0000-00-00 00:00:00', '', ''),
(57870, 101, 4039, 'Barghāt', '', '', 1, 1, '0000-00-00 00:00:00', '', 0, '0000-00-00 00:00:00', '', ''),
(57871, 101, 4039, 'Bargi', '', '', 1, 1, '0000-00-00 00:00:00', '', 0, '0000-00-00 00:00:00', '', ''),
(57872, 101, 4039, 'Barhi', '', '', 1, 1, '0000-00-00 00:00:00', '', 0, '0000-00-00 00:00:00', '', ''),
(57873, 101, 4037, 'Barhiya', '', '', 1, 1, '0000-00-00 00:00:00', '', 0, '0000-00-00 00:00:00', '', ''),
(57874, 101, 4014, 'Bari Sādri', '', '', 1, 1, '0000-00-00 00:00:00', '', 0, '0000-00-00 00:00:00', '', ''),
(57875, 101, 4037, 'Bariārpur', '', '', 1, 1, '0000-00-00 00:00:00', '', 0, '0000-00-00 00:00:00', '', ''),
(57876, 101, 4038, 'Barjala', '', '', 1, 1, '0000-00-00 00:00:00', '', 0, '0000-00-00 00:00:00', '', ''),
(57877, 101, 4022, 'Barkhera Kalān', '', '', 1, 1, '0000-00-00 00:00:00', '', 0, '0000-00-00 00:00:00', '', ''),
(57878, 101, 4025, 'Barki Saria', '', '', 1, 1, '0000-00-00 00:00:00', '', 0, '0000-00-00 00:00:00', '', ''),
(57879, 101, 4016, 'Barkot', '', '', 1, 1, '0000-00-00 00:00:00', '', 0, '0000-00-00 00:00:00', '', ''),
(57880, 101, 4025, 'Barkā Kānā', '', '', 1, 1, '0000-00-00 00:00:00', '', 0, '0000-00-00 00:00:00', '', ''),
(57882, 101, 4015, 'Barnala', '', '', 1, 1, '0000-00-00 00:00:00', '', 0, '0000-00-00 00:00:00', '', ''),
(57883, 101, 4027, 'Barpathār', '', '', 1, 1, '0000-00-00 00:00:00', '', 0, '0000-00-00 00:00:00', '', ''),
(57884, 101, 4027, 'Barpeta', '', '', 1, 1, '0000-00-00 00:00:00', '', 0, '0000-00-00 00:00:00', '', ''),
(57885, 101, 4027, 'Barpeta Road', '', '', 1, 1, '0000-00-00 00:00:00', '', 0, '0000-00-00 00:00:00', '', ''),
(57886, 101, 4013, 'Barpāli', '', '', 1, 1, '0000-00-00 00:00:00', '', 0, '0000-00-00 00:00:00', '', ''),
(57887, 101, 4022, 'Barsāna', '', '', 1, 1, '0000-00-00 00:00:00', '', 0, '0000-00-00 00:00:00', '', ''),
(57889, 101, 4025, 'Barwādih', '', '', 1, 1, '0000-00-00 00:00:00', '', 0, '0000-00-00 00:00:00', '', ''),
(57890, 101, 4007, 'Barwāla', '', '', 1, 1, '0000-00-00 00:00:00', '', 0, '0000-00-00 00:00:00', '', ''),
(57891, 101, 4039, 'Barwāni', '', '', 1, 1, '0000-00-00 00:00:00', '', 0, '0000-00-00 00:00:00', '', ''),
(57892, 101, 4022, 'Barāgaon', '', '', 1, 1, '0000-00-00 00:00:00', '', 0, '0000-00-00 00:00:00', '', ''),
(57893, 101, 4026, 'Basavakalyān', '', '', 1, 1, '0000-00-00 00:00:00', '', 0, '0000-00-00 00:00:00', '', ''),
(57894, 101, 4026, 'Basavana Bāgevādi', '', '', 1, 1, '0000-00-00 00:00:00', '', 0, '0000-00-00 00:00:00', '', ''),
(57895, 101, 4014, 'Basi', '', '', 1, 1, '0000-00-00 00:00:00', '', 0, '0000-00-00 00:00:00', '', ''),
(57897, 101, 4008, 'Basmat', '', '', 1, 1, '0000-00-00 00:00:00', '', 0, '0000-00-00 00:00:00', '', ''),
(57898, 101, 4040, 'Basna', '', '', 1, 1, '0000-00-00 00:00:00', '', 0, '0000-00-00 00:00:00', '', ''),
(57899, 101, 4014, 'Basni', '', '', 1, 1, '0000-00-00 00:00:00', '', 0, '0000-00-00 00:00:00', '', ''),
(57900, 101, 4040, 'Bastar', '', '', 1, 1, '0000-00-00 00:00:00', '', 0, '0000-00-00 00:00:00', '', ''),
(57902, 101, 4022, 'Bastī', '', '', 1, 1, '0000-00-00 00:00:00', '', 0, '0000-00-00 00:00:00', '', ''),
(57903, 101, 4014, 'Baswa', '', '', 1, 1, '0000-00-00 00:00:00', '', 0, '0000-00-00 00:00:00', '', ''),
(57904, 101, 4015, 'Bhatinda', '', '', 1, 1, '0000-00-00 00:00:00', '', 0, '0000-00-00 00:00:00', '', ''),
(57905, 101, 4029, 'Batoti', '', '', 1, 1, '0000-00-00 00:00:00', '', 0, '0000-00-00 00:00:00', '', ''),
(57906, 101, 4015, 'Batala', '', '', 1, 1, '0000-00-00 00:00:00', '', 0, '0000-00-00 00:00:00', '', ''),
(57907, 101, 4013, 'Baud', '', '', 1, 1, '0000-00-00 00:00:00', '', 0, '0000-00-00 00:00:00', '', ''),
(57908, 101, 4013, 'Baudh', '', '', 1, 1, '0000-00-00 00:00:00', '', 0, '0000-00-00 00:00:00', '', ''),
(57909, 101, 4021, 'Bawāna', '', '', 1, 1, '0000-00-00 00:00:00', '', 0, '0000-00-00 00:00:00', '', ''),
(57910, 101, 4014, 'Bayāna', '', '', 1, 1, '0000-00-00 00:00:00', '', 0, '0000-00-00 00:00:00', '', ''),
(57911, 101, 4030, 'Bedi', '', '', 1, 1, '0000-00-00 00:00:00', '', 0, '0000-00-00 00:00:00', '', ''),
(57912, 101, 4008, 'Beed', '', '', 1, 1, '0000-00-00 00:00:00', '', 0, '0000-00-00 00:00:00', '', ''),
(57913, 101, 4039, 'Begamganj', '', '', 1, 1, '0000-00-00 00:00:00', '', 0, '0000-00-00 00:00:00', '', ''),
(57914, 101, 4015, 'Begowal', '', '', 1, 1, '0000-00-00 00:00:00', '', 0, '0000-00-00 00:00:00', '', ''),
(57916, 101, 4037, 'Begusarāi', '', '', 1, 1, '0000-00-00 00:00:00', '', 0, '0000-00-00 00:00:00', '', ''),
(57917, 101, 4014, 'Begūn', '', '', 1, 1, '0000-00-00 00:00:00', '', 0, '0000-00-00 00:00:00', '', ''),
(57918, 101, 4022, 'Behat', '', '', 1, 1, '0000-00-00 00:00:00', '', 0, '0000-00-00 00:00:00', '', ''),
(57919, 101, 4014, 'Behror', '', '', 1, 1, '0000-00-00 00:00:00', '', 0, '0000-00-00 00:00:00', '', ''),
(57920, 101, 4022, 'Bela', '', '', 1, 1, '0000-00-00 00:00:00', '', 0, '0000-00-00 00:00:00', '', ''),
(57921, 101, 4013, 'Belaguntha', '', '', 1, 1, '0000-00-00 00:00:00', '', 0, '0000-00-00 00:00:00', '', ''),
(57922, 101, 4026, 'Belgaum', '', '', 1, 1, '0000-00-00 00:00:00', '', 0, '0000-00-00 00:00:00', '', ''),
(57923, 101, 4012, 'Bellampalli', '', '', 1, 1, '0000-00-00 00:00:00', '', 0, '0000-00-00 00:00:00', '', ''),
(57924, 101, 4026, 'Bellary', '', '', 1, 1, '0000-00-00 00:00:00', '', 0, '0000-00-00 00:00:00', '', ''),
(57925, 101, 4026, 'Bellūru', '', '', 1, 1, '0000-00-00 00:00:00', '', 0, '0000-00-00 00:00:00', '', ''),
(57926, 101, 4038, 'Belonia', '', '', 1, 1, '0000-00-00 00:00:00', '', 0, '0000-00-00 00:00:00', '', ''),
(57927, 101, 4037, 'Belsand', '', '', 1, 1, '0000-00-00 00:00:00', '', 0, '0000-00-00 00:00:00', '', ''),
(57928, 101, 4026, 'Beltangadi', '', '', 1, 1, '0000-00-00 00:00:00', '', 0, '0000-00-00 00:00:00', '', ''),
(57929, 101, 4035, 'Belūr', '', '', 1, 1, '0000-00-00 00:00:00', '', 0, '0000-00-00 00:00:00', '', ''),
(57930, 101, 4026, 'Belūr', '', '', 1, 1, '0000-00-00 00:00:00', '', 0, '0000-00-00 00:00:00', '', ''),
(57931, 101, 4040, 'Bemetāra', '', '', 1, 1, '0000-00-00 00:00:00', '', 0, '0000-00-00 00:00:00', '', ''),
(57932, 101, 4009, 'Benaulim', '', '', 1, 1, '0000-00-00 00:00:00', '', 0, '0000-00-00 00:00:00', '', ''),
(57933, 101, 4026, 'Bengaluru', '', '', 1, 1, '0000-00-00 00:00:00', '', 0, '0000-00-00 00:00:00', '', ''),
(57934, 101, 4022, 'Benīganj', '', '', 1, 1, '0000-00-00 00:00:00', '', 0, '0000-00-00 00:00:00', '', ''),
(57935, 101, 4039, 'Beohāri', '', '', 1, 1, '0000-00-00 00:00:00', '', 0, '0000-00-00 00:00:00', '', ''),
(57936, 101, 4039, 'Berasia', '', '', 1, 1, '0000-00-00 00:00:00', '', 0, '0000-00-00 00:00:00', '', ''),
(57937, 101, 4007, 'Beri Khās', '', '', 1, 1, '0000-00-00 00:00:00', '', 0, '0000-00-00 00:00:00', '', ''),
(57938, 101, 4022, 'Beswān', '', '', 1, 1, '0000-00-00 00:00:00', '', 0, '0000-00-00 00:00:00', '', ''),
(57939, 101, 4017, 'Betamcherla', '', '', 1, 1, '0000-00-00 00:00:00', '', 0, '0000-00-00 00:00:00', '', ''),
(57940, 101, 4039, 'Betma', '', '', 1, 1, '0000-00-00 00:00:00', '', 0, '0000-00-00 00:00:00', '', ''),
(57941, 101, 4037, 'Bettiah', '', '', 1, 1, '0000-00-00 00:00:00', '', 0, '0000-00-00 00:00:00', '', ''),
(57942, 101, 4039, 'Betūl', '', '', 1, 1, '0000-00-00 00:00:00', '', 0, '0000-00-00 00:00:00', '', ''),
(57943, 101, 4039, 'Betūl Bazār', '', '', 1, 1, '0000-00-00 00:00:00', '', 0, '0000-00-00 00:00:00', '', ''),
(57944, 101, 4022, 'Bewar', '', '', 1, 1, '0000-00-00 00:00:00', '', 0, '0000-00-00 00:00:00', '', ''),
(57945, 101, 4028, 'Beypore', '', '', 1, 1, '0000-00-00 00:00:00', '', 0, '0000-00-00 00:00:00', '', ''),
(57946, 101, 4014, 'Beāwar', '', '', 1, 1, '0000-00-00 00:00:00', '', 0, '0000-00-00 00:00:00', '', ''),
(57947, 101, 4037, 'Bhabhua', '', '', 1, 1, '0000-00-00 00:00:00', '', 0, '0000-00-00 00:00:00', '', ''),
(57948, 101, 4030, 'Bhachau', '', '', 1, 1, '0000-00-00 00:00:00', '', 0, '0000-00-00 00:00:00', '', ''),
(57949, 101, 4029, 'Bhadarwāh', '', '', 1, 1, '0000-00-00 00:00:00', '', 0, '0000-00-00 00:00:00', '', ''),
(57950, 101, 4015, 'Bhadaur', '', '', 1, 1, '0000-00-00 00:00:00', '', 0, '0000-00-00 00:00:00', '', ''),
(57951, 101, 4022, 'Bhadohi', '', '', 1, 1, '0000-00-00 00:00:00', '', 0, '0000-00-00 00:00:00', '', ''),
(57952, 101, 4012, 'Bhadradri Kothagudem', '', '', 1, 1, '0000-00-00 00:00:00', '', 0, '0000-00-00 00:00:00', '', ''),
(57953, 101, 4013, 'Bhadrak', '', '', 1, 1, '0000-00-00 00:00:00', '', 0, '0000-00-00 00:00:00', '', ''),
(57954, 101, 4013, 'Bhadrakh', '', '', 1, 1, '0000-00-00 00:00:00', '', 0, '0000-00-00 00:00:00', '', ''),
(57955, 101, 4012, 'Bhadrāchalam', '', '', 1, 1, '0000-00-00 00:00:00', '', 0, '0000-00-00 00:00:00', '', ''),
(57956, 101, 4026, 'Bhadrāvati', '', '', 1, 1, '0000-00-00 00:00:00', '', 0, '0000-00-00 00:00:00', '', ''),
(57957, 101, 4037, 'Bhagirathpur', '', '', 1, 1, '0000-00-00 00:00:00', '', 0, '0000-00-00 00:00:00', '', ''),
(57958, 101, 4022, 'Bhagwantnagar', '', '', 1, 1, '0000-00-00 00:00:00', '', 0, '0000-00-00 00:00:00', '', ''),
(57959, 101, 4039, 'Bhainsdehi', '', '', 1, 1, '0000-00-00 00:00:00', '', 0, '0000-00-00 00:00:00', '', ''),
(57960, 101, 4012, 'Bhaisa', '', '', 1, 1, '0000-00-00 00:00:00', '', 0, '0000-00-00 00:00:00', '', ''),
(57962, 101, 4008, 'Bhandāra', '', '', 1, 1, '0000-00-00 00:00:00', '', 0, '0000-00-00 00:00:00', '', ''),
(57963, 101, 4013, 'Bhanjanagar', '', '', 1, 1, '0000-00-00 00:00:00', '', 0, '0000-00-00 00:00:00', '', ''),
(57964, 101, 4014, 'Bharatpur', '', '', 1, 1, '0000-00-00 00:00:00', '', 0, '0000-00-00 00:00:00', '', ''),
(57965, 101, 4022, 'Bharthana', '', '', 1, 1, '0000-00-00 00:00:00', '', 0, '0000-00-00 00:00:00', '', ''),
(57966, 101, 4022, 'Bharwāri', '', '', 1, 1, '0000-00-00 00:00:00', '', 0, '0000-00-00 00:00:00', '', ''),
(57967, 101, 4030, 'Bharuch', '', '', 1, 1, '0000-00-00 00:00:00', '', 0, '0000-00-00 00:00:00', '', ''),
(57968, 101, 4014, 'Bhasāwar', '', '', 1, 1, '0000-00-00 00:00:00', '', 0, '0000-00-00 00:00:00', '', ''),
(57969, 101, 4040, 'Bhatgaon', '', '', 1, 1, '0000-00-00 00:00:00', '', 0, '0000-00-00 00:00:00', '', ''),
(57970, 101, 4026, 'Bhatkal', '', '', 1, 1, '0000-00-00 00:00:00', '', 0, '0000-00-00 00:00:00', '', ''),
(57971, 101, 4017, 'Bhattiprolu', '', '', 1, 1, '0000-00-00 00:00:00', '', 0, '0000-00-00 00:00:00', '', ''),
(57973, 101, 4035, 'Bhavāni', '', '', 1, 1, '0000-00-00 00:00:00', '', 0, '0000-00-00 00:00:00', '', ''),
(57974, 101, 4037, 'Bhawanipur', '', '', 1, 1, '0000-00-00 00:00:00', '', 0, '0000-00-00 00:00:00', '', ''),
(57975, 101, 4039, 'Bhawāniganj', '', '', 1, 1, '0000-00-00 00:00:00', '', 0, '0000-00-00 00:00:00', '', ''),
(57976, 101, 4013, 'Bhawānipatna', '', '', 1, 1, '0000-00-00 00:00:00', '', 0, '0000-00-00 00:00:00', '', ''),
(57977, 101, 4015, 'Bhawanigarh', '', '', 1, 1, '0000-00-00 00:00:00', '', 0, '0000-00-00 00:00:00', '', ''),
(57978, 101, 4008, 'Bhayandar', '', '', 1, 1, '0000-00-00 00:00:00', '', 0, '0000-00-00 00:00:00', '', ''),
(57979, 101, 4008, 'Bhigvan', '', '', 1, 1, '0000-00-00 00:00:00', '', 0, '0000-00-00 00:00:00', '', ''),
(57980, 101, 4039, 'Bhikangaon', '', '', 1, 1, '0000-00-00 00:00:00', '', 0, '0000-00-00 00:00:00', '', ''),
(57981, 101, 4040, 'Bhilai', '', '', 1, 1, '0000-00-00 00:00:00', '', 0, '0000-00-00 00:00:00', '', ''),
(57982, 101, 4039, 'Bhind', '', '', 1, 1, '0000-00-00 00:00:00', '', 0, '0000-00-00 00:00:00', '', ''),
(57983, 101, 4014, 'Bhindār', '', '', 1, 1, '0000-00-00 00:00:00', '', 0, '0000-00-00 00:00:00', '', ''),
(57984, 101, 4022, 'Bhinga', '', '', 1, 1, '0000-00-00 00:00:00', '', 0, '0000-00-00 00:00:00', '', ''),
(57985, 101, 4039, 'Bhitarwār', '', '', 1, 1, '0000-00-00 00:00:00', '', 0, '0000-00-00 00:00:00', '', ''),
(57986, 101, 4014, 'Bhiwadi', '', '', 1, 1, '0000-00-00 00:00:00', '', 0, '0000-00-00 00:00:00', '', ''),
(57987, 101, 4008, 'Bhiwandi', '', '', 1, 1, '0000-00-00 00:00:00', '', 0, '0000-00-00 00:00:00', '', ''),
(57989, 101, 4007, 'Bhiwāni', '', '', 1, 1, '0000-00-00 00:00:00', '', 0, '0000-00-00 00:00:00', '', ''),
(57990, 101, 4015, 'Bhogpur', '', '', 1, 1, '0000-00-00 00:00:00', '', 0, '0000-00-00 00:00:00', '', ''),
(57991, 101, 4037, 'Bhojpur', '', '', 1, 1, '0000-00-00 00:00:00', '', 0, '0000-00-00 00:00:00', '', ''),
(57992, 101, 4025, 'Bhojudih', '', '', 1, 1, '0000-00-00 00:00:00', '', 0, '0000-00-00 00:00:00', '', ''),
(57993, 101, 4022, 'Bhongaon', '', '', 1, 1, '0000-00-00 00:00:00', '', 0, '0000-00-00 00:00:00', '', ''),
(57994, 101, 4012, 'Bhongīr', '', '', 1, 1, '0000-00-00 00:00:00', '', 0, '0000-00-00 00:00:00', '', ''),
(57995, 101, 4039, 'Bhopal', '', '', 1, 1, '0000-00-00 00:00:00', '', 0, '0000-00-00 00:00:00', '', ''),
(57997, 101, 4008, 'Bhor', '', '', 1, 1, '0000-00-00 00:00:00', '', 0, '0000-00-00 00:00:00', '', ''),
(57998, 101, 4016, 'Bhowali', '', '', 1, 1, '0000-00-00 00:00:00', '', 0, '0000-00-00 00:00:00', '', ''),
(57999, 101, 4013, 'Bhuban', '', '', 1, 1, '0000-00-00 00:00:00', '', 0, '0000-00-00 00:00:00', '', ''),
(58000, 101, 4013, 'Bhubaneshwar', '', '', 1, 1, '0000-00-00 00:00:00', '', 0, '0000-00-00 00:00:00', '', ''),
(58001, 101, 4008, 'Bhudgaon', '', '', 1, 1, '0000-00-00 00:00:00', '', 0, '0000-00-00 00:00:00', '', ''),
(58002, 101, 4030, 'Bhuj', '', '', 1, 1, '0000-00-00 00:00:00', '', 0, '0000-00-00 00:00:00', '', ''),
(58004, 101, 4014, 'Bhuma', '', '', 1, 1, '0000-00-00 00:00:00', '', 0, '0000-00-00 00:00:00', '', ''),
(58005, 101, 4008, 'Bhusāval', '', '', 1, 1, '0000-00-00 00:00:00', '', 0, '0000-00-00 00:00:00', '', ''),
(58006, 101, 4039, 'Bhābhra', '', '', 1, 1, '0000-00-00 00:00:00', '', 0, '0000-00-00 00:00:00', '', ''),
(58007, 101, 4014, 'Bhādra', '', '', 1, 1, '0000-00-00 00:00:00', '', 0, '0000-00-00 00:00:00', '', ''),
(58008, 101, 4014, 'Bhādāsar', '', '', 1, 1, '0000-00-00 00:00:00', '', 0, '0000-00-00 00:00:00', '', ''),
(58009, 101, 4037, 'Bhāgalpur', '', '', 1, 1, '0000-00-00 00:00:00', '', 0, '0000-00-00 00:00:00', '', ''),
(58010, 101, 4026, 'Bhālki', '', '', 1, 1, '0000-00-00 00:00:00', '', 0, '0000-00-00 00:00:00', '', ''),
(58011, 101, 4039, 'Bhānder', '', '', 1, 1, '0000-00-00 00:00:00', '', 0, '0000-00-00 00:00:00', '', ''),
(58012, 101, 4039, 'Bhānpura', '', '', 1, 1, '0000-00-00 00:00:00', '', 0, '0000-00-00 00:00:00', '', ''),
(58013, 101, 4040, 'Bhānpurī', '', '', 1, 1, '0000-00-00 00:00:00', '', 0, '0000-00-00 00:00:00', '', ''),
(58014, 101, 4030, 'Bhanvad', '', '', 1, 1, '0000-00-00 00:00:00', '', 0, '0000-00-00 00:00:00', '', ''),
(58015, 101, 4040, 'Bhātāpāra', '', '', 1, 1, '0000-00-00 00:00:00', '', 0, '0000-00-00 00:00:00', '', ''),
(58016, 101, 4030, 'Bhavnagar', '', '', 1, 1, '0000-00-00 00:00:00', '', 0, '0000-00-00 00:00:00', '', ''),
(58017, 101, 4030, 'Bhayavadar', '', '', 1, 1, '0000-00-00 00:00:00', '', 0, '0000-00-00 00:00:00', '', ''),
(58018, 101, 4015, 'Bhikhi', '', '', 1, 1, '0000-00-00 00:00:00', '', 0, '0000-00-00 00:00:00', '', ''),
(58019, 101, 4014, 'Bhīlwāra', '', '', 1, 1, '0000-00-00 00:00:00', '', 0, '0000-00-00 00:00:00', '', ''),
(58020, 101, 4016, 'Bhīm Tāl', '', '', 1, 1, '0000-00-00 00:00:00', '', 0, '0000-00-00 00:00:00', '', ''),
(58021, 101, 4017, 'Bhīmavaram', '', '', 1, 1, '0000-00-00 00:00:00', '', 0, '0000-00-00 00:00:00', '', ''),
(58022, 101, 4017, 'Bhīmunipatnam', '', '', 1, 1, '0000-00-00 00:00:00', '', 0, '0000-00-00 00:00:00', '', ''),
(58023, 101, 4014, 'Bhīnmāl', '', '', 1, 1, '0000-00-00 00:00:00', '', 0, '0000-00-00 00:00:00', '', ''),
(58024, 101, 4008, 'Bhūm', '', '', 1, 1, '0000-00-00 00:00:00', '', 0, '0000-00-00 00:00:00', '', ''),
(58025, 101, 4039, 'Biaora', '', '', 1, 1, '0000-00-00 00:00:00', '', 0, '0000-00-00 00:00:00', '', ''),
(58026, 101, 4008, 'Bid', '', '', 1, 1, '0000-00-00 00:00:00', '', 0, '0000-00-00 00:00:00', '', ''),
(58027, 101, 4022, 'Bidhūna', '', '', 1, 1, '0000-00-00 00:00:00', '', 0, '0000-00-00 00:00:00', '', ''),
(58028, 101, 4027, 'Bihpuriāgaon', '', '', 1, 1, '0000-00-00 00:00:00', '', 0, '0000-00-00 00:00:00', '', ''),
(58029, 101, 4037, 'Bihār Sharīf', '', '', 1, 1, '0000-00-00 00:00:00', '', 0, '0000-00-00 00:00:00', '', ''),
(58030, 101, 4037, 'Bihārīganj', '', '', 1, 1, '0000-00-00 00:00:00', '', 0, '0000-00-00 00:00:00', '', ''),
(58032, 101, 4040, 'Bijapur', '', '', 1, 1, '0000-00-00 00:00:00', '', 0, '0000-00-00 00:00:00', '', ''),
(58033, 101, 4029, 'Bijbehara', '', '', 1, 1, '0000-00-00 00:00:00', '', 0, '0000-00-00 00:00:00', '', ''),
(58034, 101, 4027, 'Bijni', '', '', 1, 1, '0000-00-00 00:00:00', '', 0, '0000-00-00 00:00:00', '', ''),
(58035, 101, 4022, 'Bijnor', '', '', 1, 1, '0000-00-00 00:00:00', '', 0, '0000-00-00 00:00:00', '', ''),
(58036, 101, 4039, 'Bijrauni', '', '', 1, 1, '0000-00-00 00:00:00', '', 0, '0000-00-00 00:00:00', '', ''),
(58037, 101, 4026, 'Bijāpur', '', '', 1, 1, '0000-00-00 00:00:00', '', 0, '0000-00-00 00:00:00', '', ''),
(58038, 101, 4039, 'Bijāwar', '', '', 1, 1, '0000-00-00 00:00:00', '', 0, '0000-00-00 00:00:00', '', ''),
(58039, 101, 4037, 'Bikramganj', '', '', 1, 1, '0000-00-00 00:00:00', '', 0, '0000-00-00 00:00:00', '', ''),
(58040, 101, 4022, 'Bilariāganj', '', '', 1, 1, '0000-00-00 00:00:00', '', 0, '0000-00-00 00:00:00', '', ''),
(58042, 101, 4026, 'Bilgi', '', '', 1, 1, '0000-00-00 00:00:00', '', 0, '0000-00-00 00:00:00', '', ''),
(58043, 101, 4022, 'Bilgrām', '', '', 1, 1, '0000-00-00 00:00:00', '', 0, '0000-00-00 00:00:00', '', ''),
(58044, 101, 4022, 'Bilhaur', '', '', 1, 1, '0000-00-00 00:00:00', '', 0, '0000-00-00 00:00:00', '', ''),
(58045, 101, 4030, 'Bilimora', '', '', 1, 1, '0000-00-00 00:00:00', '', 0, '0000-00-00 00:00:00', '', ''),
(58046, 101, 4030, 'Bilkha', '', '', 1, 1, '0000-00-00 00:00:00', '', 0, '0000-00-00 00:00:00', '', ''),
(58047, 101, 4008, 'Biloli', '', '', 1, 1, '0000-00-00 00:00:00', '', 0, '0000-00-00 00:00:00', '', ''),
(58048, 101, 4022, 'Bilsanda', '', '', 1, 1, '0000-00-00 00:00:00', '', 0, '0000-00-00 00:00:00', '', ''),
(58049, 101, 4022, 'Bilsi', '', '', 1, 1, '0000-00-00 00:00:00', '', 0, '0000-00-00 00:00:00', '', ''),
(58050, 101, 4022, 'Bilthra', '', '', 1, 1, '0000-00-00 00:00:00', '', 0, '0000-00-00 00:00:00', '', ''),
(58051, 101, 4014, 'Bilāra', '', '', 1, 1, '0000-00-00 00:00:00', '', 0, '0000-00-00 00:00:00', '', ''),
(58052, 101, 4022, 'Bilāri', '', '', 1, 1, '0000-00-00 00:00:00', '', 0, '0000-00-00 00:00:00', '', ''),
(58053, 101, 4027, 'Bilāsipāra', '', '', 1, 1, '0000-00-00 00:00:00', '', 0, '0000-00-00 00:00:00', '', ''),
(58054, 101, 4007, 'Bilāspur', '', '', 1, 1, '0000-00-00 00:00:00', '', 0, '0000-00-00 00:00:00', '', ''),
(58055, 101, 4040, 'Bilāspur', '', '', 1, 1, '0000-00-00 00:00:00', '', 0, '0000-00-00 00:00:00', '', ''),
(58056, 101, 4020, 'Bilāspur', '', '', 1, 1, '0000-00-00 00:00:00', '', 0, '0000-00-00 00:00:00', '', ''),
(58057, 101, 4022, 'Bindki', '', '', 1, 1, '0000-00-00 00:00:00', '', 0, '0000-00-00 00:00:00', '', ''),
(58058, 101, 4013, 'Binka', '', '', 1, 1, '0000-00-00 00:00:00', '', 0, '0000-00-00 00:00:00', '', ''),
(58059, 101, 4016, 'Birbhaddar', '', '', 1, 1, '0000-00-00 00:00:00', '', 0, '0000-00-00 00:00:00', '', ''),
(58060, 101, 4013, 'Birmitrapur', '', '', 1, 1, '0000-00-00 00:00:00', '', 0, '0000-00-00 00:00:00', '', ''),
(58061, 101, 4026, 'Birūr', '', '', 1, 1, '0000-00-00 00:00:00', '', 0, '0000-00-00 00:00:00', '', ''),
(58062, 101, 4022, 'Bisauli', '', '', 1, 1, '0000-00-00 00:00:00', '', 0, '0000-00-00 00:00:00', '', ''),
(58063, 101, 4022, 'Bisenda Buzurg', '', '', 1, 1, '0000-00-00 00:00:00', '', 0, '0000-00-00 00:00:00', '', ''),
(58064, 101, 4010, 'Bishnupur', '', '', 1, 1, '0000-00-00 00:00:00', '', 0, '0000-00-00 00:00:00', '', ''),
(58065, 101, 4029, 'Bishnāh', '', '', 1, 1, '0000-00-00 00:00:00', '', 0, '0000-00-00 00:00:00', '', ''),
(58066, 101, 4022, 'Bishunpur Urf Mahārājganj', '', '', 1, 1, '0000-00-00 00:00:00', '', 0, '0000-00-00 00:00:00', '', ''),
(58067, 101, 4014, 'Bissāu', '', '', 1, 1, '0000-00-00 00:00:00', '', 0, '0000-00-00 00:00:00', '', ''),
(58068, 101, 4022, 'Biswān', '', '', 1, 1, '0000-00-00 00:00:00', '', 0, '0000-00-00 00:00:00', '', ''),
(58069, 101, 4022, 'Bithūr', '', '', 1, 1, '0000-00-00 00:00:00', '', 0, '0000-00-00 00:00:00', '', ''),
(58070, 101, 4017, 'Bobbili', '', '', 1, 1, '0000-00-00 00:00:00', '', 0, '0000-00-00 00:00:00', '', ''),
(58071, 101, 4012, 'Bodhan', '', '', 1, 1, '0000-00-00 00:00:00', '', 0, '0000-00-00 00:00:00', '', ''),
(58072, 101, 4035, 'Bodināyakkanūr', '', '', 1, 1, '0000-00-00 00:00:00', '', 0, '0000-00-00 00:00:00', '', ''),
(58073, 101, 4039, 'Bodri', '', '', 1, 1, '0000-00-00 00:00:00', '', 0, '0000-00-00 00:00:00', '', ''),
(58074, 101, 4008, 'Boisar', '', '', 1, 1, '0000-00-00 00:00:00', '', 0, '0000-00-00 00:00:00', '', ''),
(58075, 101, 4027, 'Bokajān', '', '', 1, 1, '0000-00-00 00:00:00', '', 0, '0000-00-00 00:00:00', '', ''),
(58077, 101, 4027, 'Bokākhāt', '', '', 1, 1, '0000-00-00 00:00:00', '', 0, '0000-00-00 00:00:00', '', ''),
(58078, 101, 4025, 'Bokāro', '', '', 1, 1, '0000-00-00 00:00:00', '', 0, '0000-00-00 00:00:00', '', ''),
(58079, 101, 4013, 'Bolānīkhodān', '', '', 1, 1, '0000-00-00 00:00:00', '', 0, '0000-00-00 00:00:00', '', ''),
(58080, 101, 4024, 'Bomdila', '', '', 1, 1, '0000-00-00 00:00:00', '', 0, '0000-00-00 00:00:00', '', ''),
(58081, 101, 4027, 'Bongaigaon', '', '', 1, 1, '0000-00-00 00:00:00', '', 0, '0000-00-00 00:00:00', '', ''),
(58082, 101, 4008, 'Borivli', '', '', 1, 1, '0000-00-00 00:00:00', '', 0, '0000-00-00 00:00:00', '', '');
INSERT INTO `mst_city` (`CityID`, `CountryID`, `StateID`, `CityName`, `CityCode`, `Description`, `Active`, `EntryBy`, `EntryDate`, `EntryIP`, `UpdateBy`, `UpdateDate`, `UpdateIP`, `AcceptedValue`) VALUES
(58083, 101, 4014, 'Borkhera', '', '', 1, 1, '0000-00-00 00:00:00', '', 0, '0000-00-00 00:00:00', '', ''),
(58084, 101, 4030, 'Borsad', '', '', 1, 1, '0000-00-00 00:00:00', '', 0, '0000-00-00 00:00:00', '', ''),
(58085, 101, 4030, 'Botad', '', '', 1, 1, '0000-00-00 00:00:00', '', 0, '0000-00-00 00:00:00', '', ''),
(58086, 101, 4013, 'Brahmapur', '', '', 1, 1, '0000-00-00 00:00:00', '', 0, '0000-00-00 00:00:00', '', ''),
(58087, 101, 4013, 'Brājarājnagar', '', '', 1, 1, '0000-00-00 00:00:00', '', 0, '0000-00-00 00:00:00', '', ''),
(58088, 101, 4022, 'Budaun', '', '', 1, 1, '0000-00-00 00:00:00', '', 0, '0000-00-00 00:00:00', '', ''),
(58089, 101, 4037, 'Buddh Gaya', '', '', 1, 1, '0000-00-00 00:00:00', '', 0, '0000-00-00 00:00:00', '', ''),
(58090, 101, 4015, 'Budhlada', '', '', 1, 1, '0000-00-00 00:00:00', '', 0, '0000-00-00 00:00:00', '', ''),
(58091, 101, 4022, 'Budhāna', '', '', 1, 1, '0000-00-00 00:00:00', '', 0, '0000-00-00 00:00:00', '', ''),
(58092, 101, 4013, 'Buguda', '', '', 1, 1, '0000-00-00 00:00:00', '', 0, '0000-00-00 00:00:00', '', ''),
(58093, 101, 4022, 'Bulandshahr', '', '', 1, 1, '0000-00-00 00:00:00', '', 0, '0000-00-00 00:00:00', '', ''),
(58095, 101, 4008, 'Buldāna', '', '', 1, 1, '0000-00-00 00:00:00', '', 0, '0000-00-00 00:00:00', '', ''),
(58097, 101, 4039, 'Burhar', '', '', 1, 1, '0000-00-00 00:00:00', '', 0, '0000-00-00 00:00:00', '', ''),
(58098, 101, 4039, 'Burhānpur', '', '', 1, 1, '0000-00-00 00:00:00', '', 0, '0000-00-00 00:00:00', '', ''),
(58099, 101, 4013, 'Burla', '', '', 1, 1, '0000-00-00 00:00:00', '', 0, '0000-00-00 00:00:00', '', ''),
(58100, 101, 4037, 'Buxar', '', '', 1, 1, '0000-00-00 00:00:00', '', 0, '0000-00-00 00:00:00', '', ''),
(58101, 101, 4026, 'Byndoor', '', '', 1, 1, '0000-00-00 00:00:00', '', 0, '0000-00-00 00:00:00', '', ''),
(58102, 101, 4026, 'Byādgi', '', '', 1, 1, '0000-00-00 00:00:00', '', 0, '0000-00-00 00:00:00', '', ''),
(58103, 101, 4039, 'Bābai', '', '', 1, 1, '0000-00-00 00:00:00', '', 0, '0000-00-00 00:00:00', '', ''),
(58104, 101, 4030, 'Babra', '', '', 1, 1, '0000-00-00 00:00:00', '', 0, '0000-00-00 00:00:00', '', ''),
(58105, 101, 4026, 'Bādāmi', '', '', 1, 1, '0000-00-00 00:00:00', '', 0, '0000-00-00 00:00:00', '', ''),
(58106, 101, 4039, 'Bāg', '', '', 1, 1, '0000-00-00 00:00:00', '', 0, '0000-00-00 00:00:00', '', ''),
(58107, 101, 4026, 'Bāgepalli', '', '', 1, 1, '0000-00-00 00:00:00', '', 0, '0000-00-00 00:00:00', '', ''),
(58109, 101, 4015, 'Bagha Purana', '', '', 1, 1, '0000-00-00 00:00:00', '', 0, '0000-00-00 00:00:00', '', ''),
(58110, 101, 4022, 'Bāghpat', '', '', 1, 1, '0000-00-00 00:00:00', '', 0, '0000-00-00 00:00:00', '', ''),
(148859, 101, 4030, 'Surat', '', '', 1, 1, '0000-00-00 00:00:00', '', 0, '0000-00-00 00:00:00', '', '');

-- --------------------------------------------------------

--
-- Table structure for table `mst_messagetemplate`
--

CREATE TABLE `mst_messagetemplate` (
  `TemplateID` bigint(20) NOT NULL,
  `TemplateName` varchar(100) NOT NULL,
  `TemplateSubject` varchar(500) NOT NULL,
  `TemplateBody` text CHARACTER SET utf8 COLLATE utf8_swedish_ci NOT NULL,
  `CCEmail` varchar(200) CHARACTER SET utf8 COLLATE utf8_turkish_ci DEFAULT NULL,
  `Remark` text NOT NULL,
  `Active` tinyint(1) NOT NULL DEFAULT 1,
  `EntryBy` bigint(20) NOT NULL,
  `EntryDate` datetime NOT NULL,
  `EntryIP` varchar(50) CHARACTER SET latin1 COLLATE latin1_bin NOT NULL,
  `UpdateBy` bigint(20) NOT NULL,
  `UpdateDate` datetime NOT NULL,
  `UpdateIP` varchar(50) CHARACTER SET latin1 COLLATE latin1_bin NOT NULL
) ENGINE=InnoDB DEFAULT CHARSET=latin1 ROW_FORMAT=COMPACT;

-- --------------------------------------------------------

--
-- Table structure for table `mst_state`
--

CREATE TABLE `mst_state` (
  `StateID` bigint(20) NOT NULL,
  `CountryID` bigint(20) NOT NULL,
  `StateName` varchar(255) CHARACTER SET latin1 NOT NULL,
  `StateCode` varchar(10) CHARACTER SET utf8mb4 COLLATE utf8mb4_unicode_ci NOT NULL,
  `Description` varchar(200) COLLATE latin1_bin NOT NULL,
  `Active` tinyint(1) NOT NULL,
  `EntryBy` bigint(20) NOT NULL,
  `EntryDate` datetime NOT NULL,
  `EntryIP` varchar(50) COLLATE latin1_bin NOT NULL,
  `UpdateBy` bigint(20) NOT NULL,
  `UpdateDate` datetime NOT NULL,
  `UpdateIP` varchar(50) COLLATE latin1_bin NOT NULL,
  `AcceptedValue` text CHARACTER SET utf8 COLLATE utf8_turkish_ci NOT NULL COMMENT 'Fill similar State Name with common seprate'
) ENGINE=InnoDB DEFAULT CHARSET=latin1 COLLATE=latin1_bin;

--
-- Dumping data for table `mst_state`
--

INSERT INTO `mst_state` (`StateID`, `CountryID`, `StateName`, `StateCode`, `Description`, `Active`, `EntryBy`, `EntryDate`, `EntryIP`, `UpdateBy`, `UpdateDate`, `UpdateIP`, `AcceptedValue`) VALUES
(4006, 101, 'Meghalaya', 'ML', '', 1, 1, '0000-00-00 00:00:00', '', 0, '0000-00-00 00:00:00', '', ''),
(4007, 101, 'Haryana', 'HR', '', 1, 1, '0000-00-00 00:00:00', '', 0, '0000-00-00 00:00:00', '', ''),
(4008, 101, 'Maharashtra', 'MH', '', 1, 1, '0000-00-00 00:00:00', '', 0, '0000-00-00 00:00:00', '', ''),
(4009, 101, 'Goa', 'GA', '', 1, 1, '0000-00-00 00:00:00', '', 0, '0000-00-00 00:00:00', '', ''),
(4010, 101, 'Manipur', 'MN', '', 1, 1, '0000-00-00 00:00:00', '', 0, '0000-00-00 00:00:00', '', ''),
(4011, 101, 'Puducherry', 'PY', '', 1, 1, '0000-00-00 00:00:00', '', 0, '0000-00-00 00:00:00', '', ''),
(4012, 101, 'Telangana', 'TG', '', 1, 1, '0000-00-00 00:00:00', '', 0, '0000-00-00 00:00:00', '', ''),
(4013, 101, 'Odisha', 'OR', '', 1, 1, '0000-00-00 00:00:00', '', 0, '0000-00-00 00:00:00', '', ''),
(4014, 101, 'Rajasthan', 'RJ', '', 1, 1, '0000-00-00 00:00:00', '', 0, '0000-00-00 00:00:00', '', ''),
(4015, 101, 'Punjab', 'PB', '', 1, 1, '0000-00-00 00:00:00', '', 0, '0000-00-00 00:00:00', '', ''),
(4016, 101, 'Uttarakhand', 'UT', '', 1, 1, '0000-00-00 00:00:00', '', 0, '0000-00-00 00:00:00', '', ''),
(4017, 101, 'Andhra Pradesh', 'AP', '', 1, 1, '0000-00-00 00:00:00', '', 0, '0000-00-00 00:00:00', '', ''),
(4018, 101, 'Nagaland', 'NL', '', 1, 1, '0000-00-00 00:00:00', '', 0, '0000-00-00 00:00:00', '', ''),
(4019, 101, 'Lakshadweep', 'LD', '', 1, 1, '0000-00-00 00:00:00', '', 0, '0000-00-00 00:00:00', '', ''),
(4020, 101, 'Himachal Pradesh', 'HP', '', 1, 1, '0000-00-00 00:00:00', '', 0, '0000-00-00 00:00:00', '', ''),
(4021, 101, 'Delhi', 'DL', '', 1, 1, '0000-00-00 00:00:00', '', 0, '0000-00-00 00:00:00', '', ''),
(4022, 101, 'Uttar Pradesh', 'UP', '', 1, 1, '0000-00-00 00:00:00', '', 0, '0000-00-00 00:00:00', '', ''),
(4023, 101, 'Andaman and Nicobar Islands', 'AN', '', 1, 1, '0000-00-00 00:00:00', '', 0, '0000-00-00 00:00:00', '', ''),
(4024, 101, 'Arunachal Pradesh', 'AR', '', 1, 1, '0000-00-00 00:00:00', '', 0, '0000-00-00 00:00:00', '', ''),
(4025, 101, 'Jharkhand', 'JH', '', 1, 1, '0000-00-00 00:00:00', '', 0, '0000-00-00 00:00:00', '', ''),
(4026, 101, 'Karnataka', 'KA', '', 1, 1, '0000-00-00 00:00:00', '', 0, '0000-00-00 00:00:00', '', ''),
(4027, 101, 'Assam', 'AS', '', 1, 1, '0000-00-00 00:00:00', '', 0, '0000-00-00 00:00:00', '', ''),
(4028, 101, 'Kerala', 'KL', '', 1, 1, '0000-00-00 00:00:00', '', 0, '0000-00-00 00:00:00', '', ''),
(4029, 101, 'Jammu and Kashmir', 'JK', '', 1, 1, '0000-00-00 00:00:00', '', 0, '0000-00-00 00:00:00', '', ''),
(4030, 101, 'Gujarat', 'GJ', '', 1, 1, '0000-00-00 00:00:00', '', 0, '0000-00-00 00:00:00', '', ''),
(4031, 101, 'Chandigarh', 'CH', '', 1, 1, '0000-00-00 00:00:00', '', 0, '0000-00-00 00:00:00', '', ''),
(4032, 101, 'Dadra and Nagar Haveli', 'DN', '', 1, 1, '0000-00-00 00:00:00', '', 0, '0000-00-00 00:00:00', '', ''),
(4033, 101, 'Daman and Diu', 'DD', '', 1, 1, '0000-00-00 00:00:00', '', 0, '0000-00-00 00:00:00', '', ''),
(4034, 101, 'Sikkim', 'SK', '', 1, 1, '0000-00-00 00:00:00', '', 0, '0000-00-00 00:00:00', '', ''),
(4035, 101, 'Tamil Nadu', 'TN', '', 1, 1, '0000-00-00 00:00:00', '', 0, '0000-00-00 00:00:00', '', ''),
(4036, 101, 'Mizoram', 'MZ', '', 1, 1, '0000-00-00 00:00:00', '', 0, '0000-00-00 00:00:00', '', ''),
(4037, 101, 'Bihar', 'BR', '', 1, 1, '0000-00-00 00:00:00', '', 0, '0000-00-00 00:00:00', '', ''),
(4038, 101, 'Tripura', 'TR', '', 1, 1, '0000-00-00 00:00:00', '', 0, '0000-00-00 00:00:00', '', ''),
(4039, 101, 'Madhya Pradesh', 'MP', '', 1, 1, '0000-00-00 00:00:00', '', 0, '0000-00-00 00:00:00', '', ''),
(4040, 101, 'Chhattisgarh', 'CT', '', 1, 1, '0000-00-00 00:00:00', '', 0, '0000-00-00 00:00:00', '', ''),
(4852, 101, 'Ladakh', 'LA', '', 1, 1, '0000-00-00 00:00:00', '', 0, '0000-00-00 00:00:00', '', ''),
(4853, 101, 'West Bengal', 'WB', '', 1, 1, '0000-00-00 00:00:00', '', 0, '0000-00-00 00:00:00', '', '');

-- --------------------------------------------------------

--
-- Table structure for table `new_student`
--

CREATE TABLE `new_student` (
  `UserId` int(11) NOT NULL,
  `StudentName` varchar(200) NOT NULL,
  `Class` varchar(20) NOT NULL,
  `Age` int(11) NOT NULL
) ENGINE=InnoDB DEFAULT CHARSET=utf8mb4;

-- --------------------------------------------------------

--
-- Table structure for table `student`
--

CREATE TABLE `student` (
  `UserId` int(11) NOT NULL,
  `StudentName` varchar(50) NOT NULL,
  `Class` varchar(50) NOT NULL,
  `Age` varchar(20) NOT NULL,
  `Hobbies` varchar(50) NOT NULL,
  `Gender` varchar(50) NOT NULL,
  `State` int(50) NOT NULL,
  `City` int(50) NOT NULL,
  `Pincode` varchar(50) NOT NULL,
  `Photo` varchar(200) NOT NULL,
  `Location` varchar(100) NOT NULL
) ENGINE=InnoDB DEFAULT CHARSET=utf8mb4;

--
-- Dumping data for table `student`
--

INSERT INTO `student` (`UserId`, `StudentName`, `Class`, `Age`, `Hobbies`, `Gender`, `State`, `City`, `Pincode`, `Photo`, `Location`) VALUES
(3, 'Abas', '2nd', '25', 'Coding,Designing', 'Male', 4030, 148859, '394101', 'Images/image_7f1eced8-e878-4a01-8284-772415512d70.png', '204-A jaimini'),
(5, 'Parth', '1st', '24', 'Coding', 'Male', 4007, 57585, '254852', 'Images/image_355b11be-0f40-4df0-992f-24ba94224b5e.png', '204-A');

--
-- Indexes for dumped tables
--

--
-- Indexes for table `hst_student_login`
--
ALTER TABLE `hst_student_login`
  ADD PRIMARY KEY (`HstID`);

--
-- Indexes for table `mst_city`
--
ALTER TABLE `mst_city`
  ADD PRIMARY KEY (`CityID`);

--
-- Indexes for table `mst_messagetemplate`
--
ALTER TABLE `mst_messagetemplate`
  ADD PRIMARY KEY (`TemplateID`);

--
-- Indexes for table `mst_state`
--
ALTER TABLE `mst_state`
  ADD PRIMARY KEY (`StateID`),
  ADD KEY `CountryID` (`CountryID`);

--
-- Indexes for table `new_student`
--
ALTER TABLE `new_student`
  ADD PRIMARY KEY (`UserId`);

--
-- Indexes for table `student`
--
ALTER TABLE `student`
  ADD PRIMARY KEY (`UserId`);

--
-- AUTO_INCREMENT for dumped tables
--

--
-- AUTO_INCREMENT for table `mst_city`
--
ALTER TABLE `mst_city`
  MODIFY `CityID` bigint(20) NOT NULL AUTO_INCREMENT, AUTO_INCREMENT=148860;

--
-- AUTO_INCREMENT for table `mst_messagetemplate`
--
ALTER TABLE `mst_messagetemplate`
  MODIFY `TemplateID` bigint(20) NOT NULL AUTO_INCREMENT, AUTO_INCREMENT=2;

--
-- AUTO_INCREMENT for table `mst_state`
--
ALTER TABLE `mst_state`
  MODIFY `StateID` bigint(20) NOT NULL AUTO_INCREMENT, AUTO_INCREMENT=4973;

--
-- AUTO_INCREMENT for table `new_student`
--
ALTER TABLE `new_student`
  MODIFY `UserId` int(11) NOT NULL AUTO_INCREMENT;

--
-- AUTO_INCREMENT for table `student`
--
ALTER TABLE `student`
  MODIFY `UserId` int(11) NOT NULL AUTO_INCREMENT, AUTO_INCREMENT=6;
COMMIT;

/*!40101 SET CHARACTER_SET_CLIENT=@OLD_CHARACTER_SET_CLIENT */;
/*!40101 SET CHARACTER_SET_RESULTS=@OLD_CHARACTER_SET_RESULTS */;
/*!40101 SET COLLATION_CONNECTION=@OLD_COLLATION_CONNECTION */;
